{"cameraMode":{"drawMode":0,"name":"Shaded","section":"Shading Mode"},"sceneLighting":true,"audioPlay":false,"sceneViewState":{"m_AlwaysRefresh":false,"showFog":true,"showSkybox":true,"showFlares":true,"showImageEffects":true,"showParticleSystems":true,"showVisualEffectGraphs":true,"m_FxEnabled":true},"in2DMode":false,"pivot":{"x":1.3018442392349244,"y":1.6823265552520753,"z":-36.721588134765628},"rotation":{"x":0.3430580496788025,"y":-0.2612510919570923,"z":0.09994911402463913,"w":0.896699070930481},"size":0.27361294627189639,"orthographic":false}