{"cameraMode":{"drawMode":0,"name":"Shaded","section":"Shading Mode"},"sceneLighting":true,"audioPlay":false,"sceneViewState":{"m_AlwaysRefresh":false,"showFog":true,"showSkybox":true,"showFlares":true,"showImageEffects":true,"showParticleSystems":true,"showVisualEffectGraphs":true,"m_FxEnabled":true},"in2DMode":false,"pivot":{"x":0.08719851821660996,"y":2.2063329219818117,"z":-10.71923542022705},"rotation":{"x":0.4930488169193268,"y":0.0331311859190464,"z":-0.018795382231473924,"w":0.8691725134849548},"size":0.25649017095565798,"orthographic":false}