{"cameraMode":{"drawMode":0,"name":"Shaded","section":"Shading Mode"},"sceneLighting":false,"audioPlay":false,"sceneViewState":{"m_AlwaysRefresh":false,"showFog":true,"showSkybox":false,"showFlares":true,"showImageEffects":true,"showParticleSystems":true,"showVisualEffectGraphs":true,"m_FxEnabled":true},"in2DMode":false,"pivot":{"x":-0.000041872262954711914,"y":0.17684955894947053,"z":-33.93531036376953},"rotation":{"x":0.5776194334030151,"y":0.06399591267108917,"z":-0.045495737344026569,"w":0.8125255703926086},"size":0.25649017095565798,"orthographic":false}